,image_links
0,https://motos-b60.kxcdn.com/sites/default/files/aprilia-sr-gt-125-2022.jpg
1,https://motos-b60.kxcdn.com/sites/default/files/aprilia-tuono-660-factory.jpg
2,https://motos-b60.kxcdn.com/sites/default/files/aprilia-tuareg-660-evocative.jpg
3,https://motos-b60.kxcdn.com/sites/default/files/aprilia-tuareg-660.jpg
4,https://motos-b60.kxcdn.com/sites/default/files/aprilia-rx-125-2021.jpg
5,https://motos-b60.kxcdn.com/sites/default/files/aprilia-sx-125-2021.jpg
6,https://motos-b60.kxcdn.com/sites/default/files/aprilia-sxr-50-2021.jpg
7,https://motos-b60.kxcdn.com/sites/default/files/aprilia-rs-125_2021-ft.jpg
8,https://motos-b60.kxcdn.com/sites/default/files/aprilia-tuono-125_2021-ft.jpg
9,https://motos-b60.kxcdn.com/sites/default/files/aprilia-tuono-v4-factory-2021.jpg
10,https://motos-b60.kxcdn.com/sites/default/files/aprilia-rsv4-factory-1100-2021.jpg
11,https://motos-b60.kxcdn.com/sites/default/files/aprilia-tuono-660-2021-a2.jpg
12,https://motos-b60.kxcdn.com/sites/default/files/aprilia-tuono-660-2021-2.jpg
13,https://motos-b60.kxcdn.com/sites/default/files/aprilia-rs-660-a2.jpg
14,https://motos-b60.kxcdn.com/sites/default/files/aprilia-rs-660-2021.jpg
15,https://motos-b60.kxcdn.com/sites/default/files/aprilia-tuono_v4-1100_rr_2019.jpg
16,https://motos-b60.kxcdn.com/sites/default/files/aprilia-rsv4-factory-1100-2019.jpg
17,https://motos-b60.kxcdn.com/sites/default/files/aprilia-tuono_v4_factory.jpg
18,https://motos-b60.kxcdn.com/sites/default/files/aprilia-tuono-v4-factory-2018.jpg
19,https://motos-b60.kxcdn.com/sites/default/files/aprilia-sx-125-2018.jpg
20,https://motos-b60.kxcdn.com/sites/default/files/aprilia-rx-125-2018.jpg
21,https://motos-b60.kxcdn.com/sites/default/files/aprilia-sx-50-factory.jpg
22,https://motos-b60.kxcdn.com/sites/default/files/aprlia-rx-50-factory.jpg
23,https://motos-b60.kxcdn.com/sites/default/files/aprilia-sr-50-motard-2018.jpg
24,https://motos-b60.kxcdn.com/sites/default/files/aprilia-sr-50-r-2018.jpg
25,https://motos-b60.kxcdn.com/sites/default/files/aprilia-rsv4-rf-2018.jpg
26,https://motos-b60.kxcdn.com/sites/default/files/aprilia-dorsoduro-900-2017.jpg
27,https://motos-b60.kxcdn.com/sites/default/files/aprilia_tuono_125.jpg
28,https://motos-b60.kxcdn.com/sites/default/files/aprilia-shiver-900.jpg
29,https://motos-b60.kxcdn.com/sites/default/files/aprilia-rsv4-rr-2017.jpg
30,https://motos-b60.kxcdn.com/sites/default/files/aprilia-rsv4-rf-2017.jpg
31,https://motos-b60.kxcdn.com/sites/default/files/aprilia-rs125-2017.jpg
32,https://motos-b60.kxcdn.com/sites/default/files/aprilia_rs4_50_2016.jpg
33,https://motos-b60.kxcdn.com/sites/default/files/aprilia_caponord_1200_2016_1.jpg
34,https://motos-b60.kxcdn.com/sites/default/files/aprilia_rsv_4_rf_2016.jpg
35,https://motos-b60.kxcdn.com/sites/default/files/aprilia_dorsoduro_1200_2016.jpg
36,https://motos-b60.kxcdn.com/sites/default/files/aprilia_dorsoduro_750_2016.jpg
37,https://motos-b60.kxcdn.com/sites/default/files/aprilia_mana_850_gt_1.jpg
38,https://motos-b60.kxcdn.com/sites/default/files/aprilia_rs_125.jpg
39,https://motos-b60.kxcdn.com/sites/default/files/aprilia_rs_50_2016.jpg
40,https://motos-b60.kxcdn.com/sites/default/files/aprilia_rs_50_2016.jpg
41,https://motos-b60.kxcdn.com/sites/default/files/timthumb_int_83264a9824387b9fafd658cb831d9248.timthumb.jpg
42,https://motos-b60.kxcdn.com/sites/default/files/aprilia_sr_max_125.jpg
43,https://motos-b60.kxcdn.com/sites/default/files/aprilia_rsv.jpg
44,https://motos-b60.kxcdn.com/sites/default/files/aprilia_shiver_750_2016.jpg
45,https://motos-b60.kxcdn.com/sites/default/files/aprilia_rx_50_2016.jpg
46,https://motos-b60.kxcdn.com/sites/default/files/aprilia_scarabeo_50_2016.jpg
47,https://motos-b60.kxcdn.com/sites/default/files/aprilia_sr_50_r_2016.jpg
48,https://motos-b60.kxcdn.com/sites/default/files/Aprilia-RSV4-R-FW.jpg
49,https://motos-b60.kxcdn.com/sites/default/files/aprilia_sr_motard_50_2016.jpg
50,https://motos-b60.kxcdn.com/sites/default/files/aprilia_srv_850_2016.jpg
51,https://motos-b60.kxcdn.com/sites/default/files/aprilia_sr_motard_125_2016.jpg
52,https://motos-b60.kxcdn.com/sites/default/files/aprilia_sx_50_2016.jpg
53,https://motos-b60.kxcdn.com/sites/default/files/aprilia_sr_max_300_2016.jpg
54,https://motos-b60.kxcdn.com/sites/default/files/aprilia_v4_tuono_1100_rr_2016.jpg
55,https://motos-b60.kxcdn.com/sites/default/files/aprilia_scarabeo_125_2016.jpg
56,https://motos-b60.kxcdn.com/sites/default/files/aprilia_tuono_v4_r_aprc_2016.jpg
57,https://motos-b60.kxcdn.com/sites/default/files/bmw-k-1600-grand-america-opcion-719-2022.jpg
58,https://motos-b60.kxcdn.com/sites/default/files/bmw-k-1600-b-opcion-719-2022.jpg
59,https://motos-b60.kxcdn.com/sites/default/files/bmw-k-1600-grand-america-2022.jpg
60,https://motos-b60.kxcdn.com/sites/default/files/bmw-k-1600-b-2022.jpg
61,https://motos-b60.kxcdn.com/sites/default/files/bmw-k-1600-gtl-2022.jpg
62,https://motos-b60.kxcdn.com/sites/default/files/bmw-k-1600-gt-2022.jpg
63,https://motos-b60.kxcdn.com/sites/default/files/bmw-ce-04-a1-2022.jpg
64,https://motos-b60.kxcdn.com/sites/default/files/bmw-ce-04-2022.jpg
65,https://motos-b60.kxcdn.com/sites/default/files/bmw-r-18-bagger_2.jpg
66,https://motos-b60.kxcdn.com/sites/default/files/bmw-r-18-transcontinental_4.jpg
67,https://motos-b60.kxcdn.com/sites/default/files/bmw-c-400-gt-2021.jpg
68,https://motos-b60.kxcdn.com/sites/default/files/bmw-c-400-x-2021.jpg
69,https://motos-b60.kxcdn.com/sites/default/files/bmw-r-1250-rt-2021.jpg
70,https://motos-b60.kxcdn.com/sites/default/files/bmw-r-1000-rr-2021.jpg
71,https://motos-b60.kxcdn.com/sites/default/files/bmw-r-18-classic-2021.jpg
72,https://motos-b60.kxcdn.com/sites/default/files/bmw-s-1000-r.jpg
73,https://motos-b60.kxcdn.com/sites/default/files/bmw-g-310-r-2021.jpg
74,https://motos-b60.kxcdn.com/sites/default/files/bmw-g-310-gs-40-aniversario-2021.jpg
75,https://motos-b60.kxcdn.com/sites/default/files/bmw-g-310-gs-rallye-2021.jpg
76,https://motos-b60.kxcdn.com/sites/default/files/bmw-r-1250-gs-40-aniversario-2021.jpg
77,https://motos-b60.kxcdn.com/sites/default/files/bmw-r-1250-gs-adventure-2021.jpg
78,https://motos-b60.kxcdn.com/sites/default/files/bmw-r-1250-gs-2021.jpg
79,https://motos-b60.kxcdn.com/sites/default/files/bmw-s-1000-xr-2021.jpg
80,https://motos-b60.kxcdn.com/sites/default/files/bmw-s-1000-rr-2021.jpg
81,https://motos-b60.kxcdn.com/sites/default/files/bmw-k-1600-b-2021.jpg
82,https://motos-b60.kxcdn.com/sites/default/files/bmw-r-1250-rs-2021.jpg
83,https://motos-b60.kxcdn.com/sites/default/files/bmw-r-1250-r-2021.jpg
84,https://motos-b60.kxcdn.com/sites/default/files/bmw-k-1600-gtl-2021.jpg
85,https://motos-b60.kxcdn.com/sites/default/files/bmw-k-1600-gt-2021.jpg
86,https://motos-b60.kxcdn.com/sites/default/files/bmw-f-850-gs-adventure-40-aniversario.jpg
87,https://motos-b60.kxcdn.com/sites/default/files/bmw-f-850-gs-adventure-2021.jpg
88,https://motos-b60.kxcdn.com/sites/default/files/bmw-f-850-gs-40-aniversario.jpg
89,https://motos-b60.kxcdn.com/sites/default/files/bmw-f-850-gs-2021.jpg
90,https://motos-b60.kxcdn.com/sites/default/files/bmw-f-750-gs-40-aniversario.jpg
91,https://motos-b60.kxcdn.com/sites/default/files/bmw-f-750-gs-2021.jpg
92,https://motos-b60.kxcdn.com/sites/default/files/bmw-r18-2020.jpg
93,https://motos-b60.kxcdn.com/sites/default/files/bmw-f-900-xr-2020.jpg
94,https://motos-b60.kxcdn.com/sites/default/files/bmw-f-900-r-2020.jpg
95,https://motos-b60.kxcdn.com/sites/default/files/bmw-s-1000-xr-2020.jpg
96,https://motos-b60.kxcdn.com/sites/default/files/bmw-r-ninet-urban-gs-puntapunta.jpg
97,https://motos-b60.kxcdn.com/sites/default/files/bmw-r-ninet-5-2020.jpg
98,https://motos-b60.kxcdn.com/sites/default/files/bmw-r-1250-rt-2020.jpg
99,https://motos-b60.kxcdn.com/sites/default/files/bmw-k-1600-grand-america-2020.jpg
100,https://motos-b60.kxcdn.com/sites/default/files/bmw-k-1600-b-2020.jpg
101,https://motos-b60.kxcdn.com/sites/default/files/bmw-k-1600-gtl-2020.jpg
102,https://motos-b60.kxcdn.com/sites/default/files/bmw-k-1600-gt-2020.jpg
103,https://motos-b60.kxcdn.com/sites/default/files/bmw-s-1000-rr-2020.jpg
104,https://motos-b60.kxcdn.com/sites/default/files/bmw-s-1000-r-2020.jpg
105,https://motos-b60.kxcdn.com/sites/default/files/bmw-f-850-gs-rallye-2020.jpg
106,https://motos-b60.kxcdn.com/sites/default/files/bmw-c-650-gt-2020.jpg
107,https://motos-b60.kxcdn.com/sites/default/files/bmw-c-650-sport-2020.jpg
108,https://motos-b60.kxcdn.com/sites/default/files/bmw-g-310-gs-2020.jpg
109,https://motos-b60.kxcdn.com/sites/default/files/bmw-g-310-r-2020.jpg
110,https://motos-b60.kxcdn.com/sites/default/files/bmw-s-1000-rr-2019.jpg
111,https://motos-b60.kxcdn.com/sites/default/files/bmw-r-1250-r-hp-2019-.jpg
112,https://motos-b60.kxcdn.com/sites/default/files/bmw-r-1250-r-2019-.jpg
113,https://motos-b60.kxcdn.com/sites/default/files/bmw-r-1250-rs-2019-.jpg
114,https://motos-b60.kxcdn.com/sites/default/files/bmw-r-1250-gs-adventure-2019.jpg
115,https://motos-b60.kxcdn.com/sites/default/files/bmw-f-850-gs-adventure-2019.jpg
116,https://motos-b60.kxcdn.com/sites/default/files/bmw-c-400-gt-2019.jpg
117,https://motos-b60.kxcdn.com/sites/default/files/bmw-r-1250-gs-2019.jpg
118,https://motos-b60.kxcdn.com/sites/default/files/bmw-r-1250-gs-hp-2019.jpg
119,https://motos-b60.kxcdn.com/sites/default/files/bmw-r-1250-rt-2019.jpg
120,https://motos-b60.kxcdn.com/sites/default/files/bmw-ninet-racer.jpg
121,https://motos-b60.kxcdn.com/sites/default/files/bmw-nine_t_urban_gs.jpg
122,https://motos-b60.kxcdn.com/sites/default/files/bmw-k-1600-grand-america.jpg
123,https://motos-b60.kxcdn.com/sites/default/files/bmw-c-400-x.jpg
124,https://motos-b60.kxcdn.com/sites/default/files/bmw-f-750-gs-2018.jpg
125,https://motos-b60.kxcdn.com/sites/default/files/bmw-f-850-gs-2018-3.jpg
126,https://motos-b60.kxcdn.com/sites/default/files/bmw-r-ninet-motorrad-spezial.jpg
127,https://motos-b60.kxcdn.com/sites/default/files/bmw-r-1200-rt-2018-fich.jpg
128,https://motos-b60.kxcdn.com/sites/default/files/bmw-r-1200-gs-2018-fich.jpg
129,https://motos-b60.kxcdn.com/sites/default/files/bmw_s_1000_r_2017_1.jpg
130,https://motos-b60.kxcdn.com/sites/default/files/2017_bmw-r-1200-gs.jpg
131,https://motos-b60.kxcdn.com/sites/default/files/bmw-k-1600-gt-2017.jpg
132,https://motos-b60.kxcdn.com/sites/default/files/bmw-k-1600-b-bagger-1.jpg
133,https://motos-b60.kxcdn.com/sites/default/files/bmw-g-310-gs.jpg
134,https://motos-b60.kxcdn.com/sites/default/files/bmw-c-evolution-2017.jpg
135,https://motos-b60.kxcdn.com/sites/default/files/bmw_c_650_gt_2016.jpg
136,https://motos-b60.kxcdn.com/sites/default/files/bmw_c_650_sport_2016.jpg
137,https://motos-b60.kxcdn.com/sites/default/files/bmw_c_evolution_2016.jpg
138,https://motos-b60.kxcdn.com/sites/default/files/bmw_f_800_r_2016.jpg
139,https://motos-b60.kxcdn.com/sites/default/files/bmw_r_ninet_2016.jpg
140,https://motos-b60.kxcdn.com/sites/default/files/bmw_g_310_r_2016.jpg
141,https://motos-b60.kxcdn.com/sites/default/files/bmw-nine-t-scrambler.jpg
142,https://motos-b60.kxcdn.com/sites/default/files/bmw_g_650_gs_2016.jpg
143,https://motos-b60.kxcdn.com/sites/default/files/bmw_s_1000_r.jpg
144,https://motos-b60.kxcdn.com/sites/default/files/2016_bmw_hp4.jpg
145,https://motos-b60.kxcdn.com/sites/default/files/bmw_s_1000_rr_1.jpg
146,https://motos-b60.kxcdn.com/sites/default/files/bmw_f_800_gs_2016.jpg
147,https://motos-b60.kxcdn.com/sites/default/files/bmw_k_1600_gtl_2016.jpg
148,https://motos-b60.kxcdn.com/sites/default/files/bmw_s_1000_xr_2016.jpg
149,https://motos-b60.kxcdn.com/sites/default/files/bmw_f_700_gs_2016.jpg
150,https://motos-b60.kxcdn.com/sites/default/files/bmw_r_1200_r_2016.jpg
151,https://motos-b60.kxcdn.com/sites/default/files/bmw_r_1200_gs_2016.jpg
152,https://motos-b60.kxcdn.com/sites/default/files/bmw_r_1200_rs_2016.jpg
153,https://motos-b60.kxcdn.com/sites/default/files/bmw_f_800_gt_2016.jpg
154,https://motos-b60.kxcdn.com/sites/default/files/bmw_r_1200_rt_2016.jpg
155,https://motos-b60.kxcdn.com/sites/default/files/ducati-panigale-v4-sp2-2022.jpg
156,https://motos-b60.kxcdn.com/sites/default/files/ducati-xdiavel-nera_2022.jpg
157,https://motos-b60.kxcdn.com/sites/default/files/ducati-panigale-v4s-2022.jpg
158,https://motos-b60.kxcdn.com/sites/default/files/ducati-panigale-v4-2022.jpg
159,https://motos-b60.kxcdn.com/sites/default/files/ducati_desert_x_2022.jpg
160,https://motos-b60.kxcdn.com/sites/default/files/ducati-streetfighter-v4_sp-2022.jpg
161,https://motos-b60.kxcdn.com/sites/default/files/ducati-streetfighter-v2_2022.jpg
162,https://motos-b60.kxcdn.com/sites/default/files/ducati-scrambler_urbanmotard_2022.jpg
163,https://motos-b60.kxcdn.com/sites/default/files/ducati-scrambler_1100-tributepro_2022.jpg
164,https://motos-b60.kxcdn.com/sites/default/files/ducati_multistrada_v4-s_2022.jpg
165,https://motos-b60.kxcdn.com/sites/default/files/ducati_multistrada_v4-s-travel_2022.jpg
166,https://motos-b60.kxcdn.com/sites/default/files/ducati_multistrada_v4_2022.jpg
167,https://motos-b60.kxcdn.com/sites/default/files/ducati_multistrada_v2-s-travel_2022.jpg
168,https://motos-b60.kxcdn.com/sites/default/files/ducati_multistrada_v2-s_2022.jpg
169,https://motos-b60.kxcdn.com/sites/default/files/ducati_multistrada_v2_2022.jpg
170,https://motos-b60.kxcdn.com/sites/default/files/ducati-panigale-v2_bayliss-20th-anniversary.jpg
171,https://motos-b60.kxcdn.com/sites/default/files/ducati_diavel_1260_s_black-steel-2021.jpg
172,https://motos-b60.kxcdn.com/sites/default/files/ducati_monster_plus-a2.jpg
173,https://motos-b60.kxcdn.com/sites/default/files/ducati_monster-a2.jpg
174,https://motos-b60.kxcdn.com/sites/default/files/ducati_monster-plus-2021.jpg
175,https://motos-b60.kxcdn.com/sites/default/files/ducati_monster-2021.jpg
176,https://motos-b60.kxcdn.com/sites/default/files/ducati_diavel_1260_lamborghini_2021.jpg
177,https://motos-b60.kxcdn.com/sites/default/files/ducati_panigale_v4_sp-2021.jpg
178,https://motos-b60.kxcdn.com/sites/default/files/ducati-panigale_v4_s-2021.jpg
179,https://motos-b60.kxcdn.com/sites/default/files/ducati_panigale_v4-2021.jpg
180,https://motos-b60.kxcdn.com/sites/default/files/ducati_panigale_v2-2021.jpg
181,https://motos-b60.kxcdn.com/sites/default/files/ducati_supersport_950_s-2021.jpg
182,https://motos-b60.kxcdn.com/sites/default/files/ducati_supersport_950-2021.jpg
183,https://motos-b60.kxcdn.com/sites/default/files/ducati-multistrada-v4-s-sport-2021.jpg
184,https://motos-b60.kxcdn.com/sites/default/files/ducati-multistrada-v4-s-2021.jpg
185,https://motos-b60.kxcdn.com/sites/default/files/ducati-multistrada-v4-2021.jpg
186,https://motos-b60.kxcdn.com/sites/default/files/ducati-scrambler-1100-pro-2020.jpg
187,https://motos-b60.kxcdn.com/sites/default/files/ducati-scrambler-1100-sport-pro-2020.jpg
188,https://motos-b60.kxcdn.com/sites/default/files/ducati-panigale-v4-superleggera-2020.jpg
189,https://motos-b60.kxcdn.com/sites/default/files/ducati-multistrada-1260-grand-tour-2020.jpg
190,https://motos-b60.kxcdn.com/sites/default/files/ducati-panigale-v4-s-2020.jpg
191,https://motos-b60.kxcdn.com/sites/default/files/ducati-panigale-v4-2020.jpg
192,https://motos-b60.kxcdn.com/sites/default/files/ducati-panigale-v2-2020.jpg
193,https://motos-b60.kxcdn.com/sites/default/files/ducati-streetfighter-v4s-2020.jpg
194,https://motos-b60.kxcdn.com/sites/default/files/ducati-streetfighter-v4-2020_1.jpg
195,https://motos-b60.kxcdn.com/sites/default/files/ducati-monster-1200-s-black-on-black-4.jpg
196,https://motos-b60.kxcdn.com/sites/default/files/ducati-panigale-v4-25-aniversario-916.jpg
197,https://motos-b60.kxcdn.com/sites/default/files/ducati-panigale-v4r-2019.jpg
198,https://motos-b60.kxcdn.com/sites/default/files/ducati-hypermotard-950-sp-2019.jpg
199,https://motos-b60.kxcdn.com/sites/default/files/ducati-hypermotard-950-2019.jpg
200,https://motos-b60.kxcdn.com/sites/default/files/ducati_monster-797_2019.jpg
201,https://motos-b60.kxcdn.com/sites/default/files/ducati-monster-821-stealth-2019.jpg
202,https://motos-b60.kxcdn.com/sites/default/files/ducati-multistrada-950-2019.jpg
203,https://motos-b60.kxcdn.com/sites/default/files/ducati-multistrada-950-s-2019.jpg
204,https://motos-b60.kxcdn.com/sites/default/files/ducati-diavel-1260-s-2019.jpg
205,https://motos-b60.kxcdn.com/sites/default/files/ducati-diavel-1260-2019.jpg
206,https://motos-b60.kxcdn.com/sites/default/files/ducati-x-diavel-s-2019.jpg
207,https://motos-b60.kxcdn.com/sites/default/files/ducati-multistrada-1260-enduro-2019.jpg
208,https://motos-b60.kxcdn.com/sites/default/files/ducati-scrambler-cafe-racer-2019.jpg
209,https://motos-b60.kxcdn.com/sites/default/files/ducati-scrambler-desert-sled-2019-2.jpg
210,https://motos-b60.kxcdn.com/sites/default/files/ducati-scrambler-full-throttle-2019.jpg
211,https://motos-b60.kxcdn.com/sites/default/files/ducati-scrambler-icon-2019.jpg
212,https://motos-b60.kxcdn.com/sites/default/files/ducati-monster-1200-25-aniversario.jpg
213,https://motos-b60.kxcdn.com/sites/default/files/ducati-scrambler-1100-sport-2018.jpg
214,https://motos-b60.kxcdn.com/sites/default/files/ducati-scrambler-1100-special-2018.jpg
215,https://motos-b60.kxcdn.com/sites/default/files/ducati-x-diavel-s-2018.jpg
216,https://motos-b60.kxcdn.com/sites/default/files/ducati-multistrada-1260-2018.jpg
217,https://motos-b60.kxcdn.com/sites/default/files/ducati-scrambler-1100.jpg
218,https://motos-b60.kxcdn.com/sites/default/files/ducati-panigale-v4-2018-2.jpg
219,https://motos-b60.kxcdn.com/sites/default/files/ducati-monster-821-2018.jpg
220,https://motos-b60.kxcdn.com/sites/default/files/ducati-multistrada-enduro-pro.jpg
221,https://motos-b60.kxcdn.com/sites/default/files/ducati-monster-1200-s-2017.jpg
222,https://motos-b60.kxcdn.com/sites/default/files/ducati-scrambler-desert-sleed.jpg
223,https://motos-b60.kxcdn.com/sites/default/files/ducati-scrambler-cafe-racer.jpg
224,https://motos-b60.kxcdn.com/sites/default/files/ducati-multistrada-950.jpg
225,https://motos-b60.kxcdn.com/sites/default/files/ducati-monster-821-2017.jpg
226,https://motos-b60.kxcdn.com/sites/default/files/ducati-monster-797.jpg
227,https://motos-b60.kxcdn.com/sites/default/files/ducati_monster_1200_s.jpg
228,https://motos-b60.kxcdn.com/sites/default/files/ducati-939-supersport-2017-1.jpg
229,https://motos-b60.kxcdn.com/sites/default/files/ducati-scrambler-full-throttle.jpg
230,https://motos-b60.kxcdn.com/sites/default/files/ducati-scrambler-icon.jpg
231,https://motos-b60.kxcdn.com/sites/default/files/ducati-scrambler-sixty2.jpg
232,https://motos-b60.kxcdn.com/sites/default/files/ducati-diavel-carbon.jpg
233,https://motos-b60.kxcdn.com/sites/default/files/ducati-multistrada-enduro-2016.jpg
234,https://motos-b60.kxcdn.com/sites/default/files/ducati-959-panigale-2016.jpg
235,https://motos-b60.kxcdn.com/sites/default/files/ducati_scrambler_classic_2016.jpg
236,https://motos-b60.kxcdn.com/sites/default/files/ducati_multiestrada_2016.jpg
237,https://motos-b60.kxcdn.com/sites/default/files/ducati_monster_1200_s_2016.jpg
238,https://motos-b60.kxcdn.com/sites/default/files/ducati_streetfighter_848_2016.jpg
239,https://motos-b60.kxcdn.com/sites/default/files/ducati_xdiavel_s_2016.jpg
240,https://motos-b60.kxcdn.com/sites/default/files/ducati_xdiavel_2016.jpg
241,https://motos-b60.kxcdn.com/sites/default/files/ducati_939_hypermotard_2016.jpg
242,https://motos-b60.kxcdn.com/sites/default/files/ducati_899_panigale_2016.jpg
243,https://motos-b60.kxcdn.com/sites/default/files/ducati_939_hyperstrada.jpg
244,https://motos-b60.kxcdn.com/sites/default/files/ducati_1299_panigale_s_2016.jpg
245,https://motos-b60.kxcdn.com/sites/default/files/ducati_diavel_2016.jpg
246,https://motos-b60.kxcdn.com/sites/default/files/ducati_monster_1200_2016.jpg
247,https://motos-b60.kxcdn.com/sites/default/files/ducati_hypermotard_939_sp_2016.jpg
248,https://motos-b60.kxcdn.com/sites/default/files/ducati_monster_821_2016.jpg
249,https://motos-b60.kxcdn.com/sites/default/files/ducati_monster_1200_r_2016.jpg
250,https://motos-b60.kxcdn.com/sites/default/files/ducati_panigale_1199_superleggera.jpg
251,https://motos-b60.kxcdn.com/sites/default/files/honda_xl750_transalp-2023.jpg
252,https://motos-b60.kxcdn.com/sites/default/files/honda_cb750_hornet-2023.jpg
253,https://motos-b60.kxcdn.com/sites/default/files/honda_st125_dax-2023.jpg
254,https://motos-b60.kxcdn.com/sites/default/files/honda-cbr_1000rr-r-fireblade-sp-30-aniverario-2022.jpg
255,https://motos-b60.kxcdn.com/sites/default/files/honda-cbr_1000rr-r-fireblade-sp-2022.jpg
256,https://motos-b60.kxcdn.com/sites/default/files/honda-cbr_1000rr-r-fireblade-2022.jpg
257,https://motos-b60.kxcdn.com/sites/default/files/honda_adv-350.jpg
258,https://motos-b60.kxcdn.com/sites/default/files/honda_cmx-500_rebel_2022.jpg
259,https://motos-b60.kxcdn.com/sites/default/files/honda-cmx-1100-rebel-dct-2022.jpg
260,https://motos-b60.kxcdn.com/sites/default/files/honda_cmx1100_rebel-2021.jpg
261,https://motos-b60.kxcdn.com/sites/default/files/honda_gold_wing-2022.jpg
262,https://motos-b60.kxcdn.com/sites/default/files/honda_gold_wing_tour_2022.jpg
263,https://motos-b60.kxcdn.com/sites/default/files/honda_sh350i-2022.jpg
264,https://motos-b60.kxcdn.com/sites/default/files/honda_nt1100-dct-2022.jpg
265,https://motos-b60.kxcdn.com/sites/default/files/honda-nt1100-2022.jpg
266,https://motos-b60.kxcdn.com/sites/default/files/honda-monkey_2022.jpg
267,https://motos-b60.kxcdn.com/sites/default/files/honda_cbr500r-2022.jpg
268,https://motos-b60.kxcdn.com/sites/default/files/honda_cb500f-2022.jpg
269,https://motos-b60.kxcdn.com/sites/default/files/honda_cb500x-2022.jpg
270,https://motos-b60.kxcdn.com/sites/default/files/honda_crf1100l_africa_twin_adventure_sports-dct-2022.jpg
271,https://motos-b60.kxcdn.com/sites/default/files/honda_crf1100l_africa_twin_adventure_sports-2022.jpg
272,https://motos-b60.kxcdn.com/sites/default/files/honda_crf1100l_africa_twin-dct-2022.jpg
273,https://motos-b60.kxcdn.com/sites/default/files/honda_crf1100l_africa_twin-2022.jpg
274,https://motos-b60.kxcdn.com/sites/default/files/honda_super_cub_125-2022.jpg
275,https://motos-b60.kxcdn.com/sites/default/files/honda_gl1800_gold_wing_tour-2021.jpg
276,https://motos-b60.kxcdn.com/sites/default/files/honda_vision_110-2021.jpg
277,https://motos-b60.kxcdn.com/sites/default/files/honda_crf300l-2021.jpg
278,https://motos-b60.kxcdn.com/sites/default/files/honda_crf300_rally-2021.jpg
279,https://motos-b60.kxcdn.com/sites/default/files/honda_cmx1100_rebel-2021.jpg
280,https://motos-b60.kxcdn.com/sites/default/files/honda_pcx125-2021.jpg
281,https://motos-b60.kxcdn.com/sites/default/files/honda_sh350i-2021.jpg
282,https://motos-b60.kxcdn.com/sites/default/files/honda_cb1000r-2021.jpg
283,https://motos-b60.kxcdn.com/sites/default/files/honda_x-adv-2021.jpg
284,https://motos-b60.kxcdn.com/sites/default/files/honda_sh_mode_125-2021.jpg
285,https://motos-b60.kxcdn.com/sites/default/files/honda_nc750x-2021.jpg
286,https://motos-b60.kxcdn.com/sites/default/files/honda_nc750x-dct-2021.jpg
287,https://motos-b60.kxcdn.com/sites/default/files/honda_cb125r-2021.jpg
288,https://motos-b60.kxcdn.com/sites/default/files/honda_msx125_grom-2021.jpg
289,https://motos-b60.kxcdn.com/sites/default/files/honda_forza_750.jpg
290,https://motos-b60.kxcdn.com/sites/default/files/honda_forza_350.jpg
291,https://motos-b60.kxcdn.com/sites/default/files/honda_forza_125.jpg
292,https://motos-b60.kxcdn.com/sites/default/files/honda_crf-1000-l-africa_twin-2021.jpg
293,https://motos-b60.kxcdn.com/sites/default/files/honda_cb-125-f-2021.jpg
294,https://motos-b60.kxcdn.com/sites/default/files/honda_cb-650-r-2021.jpg
295,https://motos-b60.kxcdn.com/sites/default/files/honda_cbr-650r-2021.jpg
296,https://motos-b60.kxcdn.com/sites/default/files/honda_cbr500r-2021.jpg
297,https://motos-b60.kxcdn.com/sites/default/files/honda_cb500x-2021-2.jpg
298,https://motos-b60.kxcdn.com/sites/default/files/honda-cb-500f-2021-_cm2.jpg
299,https://motos-b60.kxcdn.com/sites/default/files/honda_gold_wing_tour_dct_airbag-se.jpg
300,https://motos-b60.kxcdn.com/sites/default/files/honda_gold_wing_tour_dct_airbag.jpg
301,https://motos-b60.kxcdn.com/sites/default/files/honda_gold_wing_dct.jpg
302,https://motos-b60.kxcdn.com/sites/default/files/honda-cb-1000-r-2020.jpg
303,https://motos-b60.kxcdn.com/sites/default/files/honda-rebel-500-2020.jpg
304,https://motos-b60.kxcdn.com/sites/default/files/honda-sh-125-scoopy-2020.jpg
305,https://motos-b60.kxcdn.com/sites/default/files/honda-cbr-1000-rr-r-sp-2020.jpg
306,https://motos-b60.kxcdn.com/sites/default/files/honda-cbr-1000-rr-r-2020.jpg
307,https://motos-b60.kxcdn.com/sites/default/files/honda-gl1800-goldwing-2020.jpg
308,https://motos-b60.kxcdn.com/sites/default/files/honda-crf-1100-l-africa-twin-adventure-sports-2020.jpg
309,https://motos-b60.kxcdn.com/sites/default/files/honda-crf-1100-l-africa-twin-2020.jpg
310,https://motos-b60.kxcdn.com/sites/default/files/honda_crf450l-2020.jpg
311,https://motos-b60.kxcdn.com/sites/default/files/honda_crf450rx-2020.jpg
312,https://motos-b60.kxcdn.com/sites/default/files/honda_crf450r-2020.jpg
313,https://motos-b60.kxcdn.com/sites/default/files/honda-crf-250-l-2018.jpg
314,https://motos-b60.kxcdn.com/sites/default/files/honda_crf250_rally-2020.jpg
315,https://motos-b60.kxcdn.com/sites/default/files/honda_crf250rx-2020.jpg
316,https://motos-b60.kxcdn.com/sites/default/files/honda_crf250r-2020.jpg
317,https://motos-b60.kxcdn.com/sites/default/files/honda-nc-750-x-travel-edition.jpg
318,https://motos-b60.kxcdn.com/sites/default/files/honda-nc-750-x-travel-edition.jpg
319,https://motos-b60.kxcdn.com/sites/default/files/honda_crf1000l_africa_twin-adventure-sports-2019.jpg
320,https://motos-b60.kxcdn.com/sites/default/files/honda_crf1000l_africa_twin-2019.jpg
321,https://motos-b60.kxcdn.com/sites/default/files/honda-x-adv-2019.jpg
322,https://motos-b60.kxcdn.com/sites/default/files/honda-sh-125-2019.jpg
323,https://motos-b60.kxcdn.com/sites/default/files/honda-rebel-500-2019.jpg
324,https://motos-b60.kxcdn.com/sites/default/files/honda-nc-750-x_2019.jpg
325,https://motos-b60.kxcdn.com/sites/default/files/honda-integra-2019.jpg
326,https://motos-b60.kxcdn.com/sites/default/files/honda-cb-1000-r-2019.jpg
327,https://motos-b60.kxcdn.com/sites/default/files/honda-cbr-1000-rr-fireblade-2019.jpg
328,https://motos-b60.kxcdn.com/sites/default/files/honda_gl1800_2019-b.jpg
329,https://motos-b60.kxcdn.com/sites/default/files/honda_cbr500r-2019.jpg
330,https://motos-b60.kxcdn.com/sites/default/files/honda_cb500x-2019.jpg
331,https://motos-b60.kxcdn.com/sites/default/files/honda_cb500f-2019.jpg
332,https://motos-b60.kxcdn.com/sites/default/files/honda_cb-650r-2019.jpg
333,https://motos-b60.kxcdn.com/sites/default/files/honda_cbr650r-2019-4.jpg
334,https://motos-b60.kxcdn.com/sites/default/files/honda-crf-450-l-2019.jpg
335,https://motos-b60.kxcdn.com/sites/default/files/honda-crf-250-l-2018.jpg
336,https://motos-b60.kxcdn.com/sites/default/files/honda-pcx-125-2018.jpg
337,https://motos-b60.kxcdn.com/sites/default/files/honda-forza-300-2018.jpg
338,https://motos-b60.kxcdn.com/sites/default/files/honda-africa-twint-adventure-sports-2018.jpg
339,https://motos-b60.kxcdn.com/sites/default/files/honda_gl1800_goldwing-2018-3.jpg
340,https://motos-b60.kxcdn.com/sites/default/files/honda_gl1800_goldwing-2018-bagger.jpg
341,https://motos-b60.kxcdn.com/sites/default/files/honda-cb-300-r-2018.jpg
342,https://motos-b60.kxcdn.com/sites/default/files/honda-cb-125-r-2018.jpg
343,https://motos-b60.kxcdn.com/sites/default/files/honda-cb-1000-r-2018.jpg
344,https://motos-b60.kxcdn.com/sites/default/files/honda-crf-1000-l-africa-twin-2018.jpg
345,https://motos-b60.kxcdn.com/sites/default/files/honda-cbr-1000-rr-sp2.jpg
346,https://motos-b60.kxcdn.com/sites/default/files/honda-vfr-800-x-crossrunner-2.jpg
347,https://motos-b60.kxcdn.com/sites/default/files/honda-x-adv-2017-20.jpg
348,https://motos-b60.kxcdn.com/sites/default/files/honda-vision-110-2017-1.jpg
349,https://motos-b60.kxcdn.com/sites/default/files/honda-rebel-2017-10.jpg
350,https://motos-b60.kxcdn.com/sites/default/files/honda-sh-125-scoopy-2017-1.jpg
351,https://motos-b60.kxcdn.com/sites/default/files/honda-forza-125-2017-1.jpg
352,https://motos-b60.kxcdn.com/sites/default/files/honda-crf250-rally-2017.jpg
353,https://motos-b60.kxcdn.com/sites/default/files/honda-cbr-600-f-2017-1.jpg
354,https://motos-b60.kxcdn.com/sites/default/files/honda-cb-1100-rs.jpg
355,https://motos-b60.kxcdn.com/sites/default/files/honda_cb_1100_ex.jpg
356,https://motos-b60.kxcdn.com/sites/default/files/honda-cbr-1000-rr-fireblade-2017-sp.jpg
357,https://motos-b60.kxcdn.com/sites/default/files/honda-cbr-1000-rr-2017-1.jpg
358,https://motos-b60.kxcdn.com/sites/default/files/honda-gl-1800-goldwing.jpg
359,https://motos-b60.kxcdn.com/sites/default/files/honda-nc-750-x-b2.jpg
360,https://motos-b60.kxcdn.com/sites/default/files/honda-vfr-800-f.jpg
361,https://motos-b60.kxcdn.com/sites/default/files/msx_1.jpg
362,https://motos-b60.kxcdn.com/sites/default/files/honda_gl_1800_goldwing_f6c.jpg
363,https://motos-b60.kxcdn.com/sites/default/files/honda_vision_2016.jpg
364,https://motos-b60.kxcdn.com/sites/default/files/honda_nm4_vultus_2016.jpg
365,https://motos-b60.kxcdn.com/sites/default/files/honda_wave_110i_2016.jpg
366,https://motos-b60.kxcdn.com/sites/default/files/honda-nc-700-x.jpg
367,https://motos-b60.kxcdn.com/sites/default/files/honda-pcx-125.jpg
368,https://motos-b60.kxcdn.com/sites/default/files/descarga.jpg
369,https://motos-b60.kxcdn.com/sites/default/files/honda-sh-125-scoopy.jpg
370,https://motos-b60.kxcdn.com/sites/default/files/honda_ctx_1300_2016.jpg
371,https://motos-b60.kxcdn.com/sites/default/files/honda-ctx-700.jpg
372,https://motos-b60.kxcdn.com/sites/default/files/honda-sh-300-scoopy.jpg
373,https://motos-b60.kxcdn.com/sites/default/files/honda_crosstourer_2016.jpg
374,https://motos-b60.kxcdn.com/sites/default/files/honda_st_1300_pan_european_2016.jpg
375,https://motos-b60.kxcdn.com/sites/default/files/honda-forza-125-2016.jpg
376,https://motos-b60.kxcdn.com/sites/default/files/honda-deauville.jpg
377,https://motos-b60.kxcdn.com/sites/default/files/honda-goldwing-fc6b.jpg
378,https://motos-b60.kxcdn.com/sites/default/files/honda_vfr_800_x_crossrunner_2016.jpg
379,https://motos-b60.kxcdn.com/sites/default/files/honda_cb_500_f_2016.jpg
380,https://motos-b60.kxcdn.com/sites/default/files/honda_crf_250_l_2016.jpg
381,https://motos-b60.kxcdn.com/sites/default/files/honda_cb_500_x_2016.jpg
382,https://motos-b60.kxcdn.com/sites/default/files/honda-cbr-1000-rr-fireblade.jpg
383,https://motos-b60.kxcdn.com/sites/default/files/honda-cbr-125-r-2016.jpg
384,https://motos-b60.kxcdn.com/sites/default/files/honda_cbr_500_r_2016.jpg
385,https://motos-b60.kxcdn.com/sites/default/files/honda_cb_1000_r_2016.jpg
386,https://motos-b60.kxcdn.com/sites/default/files/honda-cbr-600-rr.jpg
387,https://motos-b60.kxcdn.com/sites/default/files/honda_cb_1100_ex_2016.jpg
388,https://motos-b60.kxcdn.com/sites/default/files/honda_crf_1000_l_africa_twin_2016.jpg
389,https://motos-b60.kxcdn.com/sites/default/files/honda_cb_125_f_2016.jpg
390,https://motos-b60.kxcdn.com/sites/default/files/honda_crf_250_m_2016.jpg
391,https://motos-b60.kxcdn.com/sites/default/files/honda-integra-2016.jpg
392,https://motos-b60.kxcdn.com/sites/default/files/yamaha-r6-race-2022.jpg
393,https://motos-b60.kxcdn.com/sites/default/files/yamaha-neos-2022.jpg
394,https://motos-b60.kxcdn.com/sites/default/files/yamaha-r7-aniversario-2022.jpg
395,https://motos-b60.kxcdn.com/sites/default/files/yamaha-r7-2022.jpg
396,https://motos-b60.kxcdn.com/sites/default/files/yamaha-tenere-700-world-raid-2022.jpg
397,https://motos-b60.kxcdn.com/sites/default/files/yamaha-tenere-700-rally-edition-2022.jpg
398,https://motos-b60.kxcdn.com/sites/default/files/yamaha-tenere-700-2022.jpg
399,https://motos-b60.kxcdn.com/sites/default/files/yamaha-xsr-700-xtribute.jpg
400,https://motos-b60.kxcdn.com/sites/default/files/yamaha-mt10-sp-2022.jpg
401,https://motos-b60.kxcdn.com/sites/default/files/yamaha-mt10-2022.jpg
402,https://motos-b60.kxcdn.com/sites/default/files/yamaha-mt09-sp-2022.jpg
403,https://motos-b60.kxcdn.com/sites/default/files/yamaha-mt09-2022.jpg
404,https://motos-b60.kxcdn.com/sites/default/files/yamaha_t-max-2022_14.jpg
405,https://motos-b60.kxcdn.com/sites/default/files/yamaha-xsr-125-2021.jpg
406,https://motos-b60.kxcdn.com/sites/default/files/yamaha-tracer-7-2021.jpg
407,https://motos-b60.kxcdn.com/sites/default/files/yamaha-x-max-300.jpg
408,https://motos-b60.kxcdn.com/sites/default/files/yamaha-x-max-125.jpg
409,https://motos-b60.kxcdn.com/sites/default/files/yamaha-t-max-2021.jpg
410,https://motos-b60.kxcdn.com/sites/default/files/yamaha-tracer-9-gt-2021.jpg
411,https://motos-b60.kxcdn.com/sites/default/files/yamaha-tracer-9-2021.jpg
412,https://motos-b60.kxcdn.com/sites/default/files/yamaha-tracer-7-gt-2021.jpg
413,https://motos-b60.kxcdn.com/sites/default/files/yamaha-mt-07-2021.jpg
414,https://motos-b60.kxcdn.com/sites/default/files/yamaha-mt09-2021-1.jpg
415,https://motos-b60.kxcdn.com/sites/default/files/yamaha-tracer-700-2020.jpg
416,https://motos-b60.kxcdn.com/sites/default/files/yamaha-t-max-560-tech-2020.jpg
417,https://motos-b60.kxcdn.com/sites/default/files/yamaha-t-max-560-2020.jpg
418,https://motos-b60.kxcdn.com/sites/default/files/yamaha_mt-125_2020-4.jpg
419,https://motos-b60.kxcdn.com/sites/default/files/yamaha-mt-03-2020-3.jpg
420,https://motos-b60.kxcdn.com/sites/default/files/yamaha-yzf-r1m-2020.jpg
421,https://motos-b60.kxcdn.com/sites/default/files/yamaha-yzf-r1-2020.jpg
422,https://motos-b60.kxcdn.com/sites/default/files/yamaha-tenere-700-2019.jpg
423,https://motos-b60.kxcdn.com/sites/default/files/yamaha-niken-2019-1.jpg
424,https://motos-b60.kxcdn.com/sites/default/files/yamaha-tracer-700-gt-2019.jpg
425,https://motos-b60.kxcdn.com/sites/default/files/yamaha-tracer-700-2019.jpg
426,https://motos-b60.kxcdn.com/sites/default/files/yamaha-tracer-900-gt-2019.jpg
427,https://motos-b60.kxcdn.com/sites/default/files/yamaha-tracer-900-2019.jpg
428,https://motos-b60.kxcdn.com/sites/default/files/yamaha_mt10-tourer-edition_2019.jpg
429,https://motos-b60.kxcdn.com/sites/default/files/yamaha_mt10_2019.jpg
430,https://motos-b60.kxcdn.com/sites/default/files/yamaha_mt125_2019.jpg
431,https://motos-b60.kxcdn.com/sites/default/files/yamaha_mt03_2019.jpg
432,https://motos-b60.kxcdn.com/sites/default/files/yamaha_mt07_2019.jpg
433,https://motos-b60.kxcdn.com/sites/default/files/yamaha_mt09_2019.jpg
434,https://motos-b60.kxcdn.com/sites/default/files/yamaha_xsr-900_2019.jpg
435,https://motos-b60.kxcdn.com/sites/default/files/yamaha_xsr-700_2019.jpg
436,https://motos-b60.kxcdn.com/sites/default/files/yamaha_yzf-r125-2019.jpg
437,https://motos-b60.kxcdn.com/sites/default/files/yamaha-wr-450f-2019.jpg
438,https://motos-b60.kxcdn.com/sites/default/files/yamaha-tmax-sx-sport-edition-2018.jpg
439,https://motos-b60.kxcdn.com/sites/default/files/yamaha-mt-09-2018.jpg
440,https://motos-b60.kxcdn.com/sites/default/files/yamaha-mt-07-2018.jpg
441,https://motos-b60.kxcdn.com/sites/default/files/yamaha-tracer-900-gt-2018.jpg
442,https://motos-b60.kxcdn.com/sites/default/files/yamaha-tracer-900-2018.jpg
443,https://motos-b60.kxcdn.com/sites/default/files/yamaha-xmax-125-2018.jpg
444,https://motos-b60.kxcdn.com/sites/default/files/yamaha-xmax-400-2018.jpg
445,https://motos-b60.kxcdn.com/sites/default/files/yamaha-tricity-125-2.jpg
446,https://motos-b60.kxcdn.com/sites/default/files/yamaha-yzf-r6-2017-1.jpg
447,https://motos-b60.kxcdn.com/sites/default/files/yamaha-xmax-300-2017.jpg
448,https://motos-b60.kxcdn.com/sites/default/files/yamaha-tmax-530-2017-3.jpg
449,https://motos-b60.kxcdn.com/sites/default/files/yamaha-scr-950-2.jpg
450,https://motos-b60.kxcdn.com/sites/default/files/yamaha_mt-10_sp_2017_2.jpg
451,https://motos-b60.kxcdn.com/sites/default/files/yamaha_mt-09_2017_5.jpg
452,https://motos-b60.kxcdn.com/sites/default/files/yamaha_yzf_r1m_2016.jpg
453,https://motos-b60.kxcdn.com/sites/default/files/yamaha_xv_950_r_2016.jpg
454,https://motos-b60.kxcdn.com/sites/default/files/yamaha-yzf-r125.jpg
455,https://motos-b60.kxcdn.com/sites/default/files/yamaha_xv_950_racer.jpg
456,https://motos-b60.kxcdn.com/sites/default/files/yamaha_ybr_125_custom_2016.jpg
457,https://motos-b60.kxcdn.com/sites/default/files/yamaha_ybr_125_2016.jpg
458,https://motos-b60.kxcdn.com/sites/default/files/yamaha-yzf-r6.jpg
459,https://motos-b60.kxcdn.com/sites/default/files/yamaha_yzf_r3_2016.jpg
460,https://motos-b60.kxcdn.com/sites/default/files/yamaha_yzf_r1_2016.png
461,https://motos-b60.kxcdn.com/sites/default/files/yamaha_xv_1900_a_2016.jpg
462,https://motos-b60.kxcdn.com/sites/default/files/yamaha-mt-09-sport-tracker.jpg
463,https://motos-b60.kxcdn.com/sites/default/files/yamaha-xtz660-tenere.jpg
464,https://motos-b60.kxcdn.com/sites/default/files/yamaha-xmax-250.jpg
465,https://motos-b60.kxcdn.com/sites/default/files/yamaha_mt_10_2016.jpg
466,https://motos-b60.kxcdn.com/sites/default/files/yamaha-tmax.jpg
467,https://motos-b60.kxcdn.com/sites/default/files/yamaha-xmax-400.jpg
468,https://motos-b60.kxcdn.com/sites/default/files/yamaha_mt_125_2016.jpg
469,https://motos-b60.kxcdn.com/sites/default/files/yamaha-v-max.jpg
470,https://motos-b60.kxcdn.com/sites/default/files/yamaha-xjr-1300-racer.jpg
471,https://motos-b60.kxcdn.com/sites/default/files/yamaha-tricity-2016.jpg
472,https://motos-b60.kxcdn.com/sites/default/files/yamaha_tzr_50_2016.jpg
473,https://motos-b60.kxcdn.com/sites/default/files/yamaha_xsr_700_2016.jpg
474,https://motos-b60.kxcdn.com/sites/default/files/yamaha_sr_400_2016.jpg
475,https://motos-b60.kxcdn.com/sites/default/files/yamaha-wr125-x.jpg
476,https://motos-b60.kxcdn.com/sites/default/files/yamaha-xenter.jpg
477,https://motos-b60.kxcdn.com/sites/default/files/yamaha-nmax-2016.jpg
478,https://motos-b60.kxcdn.com/sites/default/files/yamaha-wr-125-r.jpg
479,https://motos-b60.kxcdn.com/sites/default/files/yamaha_xsr_900_2016.jpg
480,https://motos-b60.kxcdn.com/sites/default/files/yamaha-neos-4.jpg
481,https://motos-b60.kxcdn.com/sites/default/files/yamaha_x_city_250_2016.jpg
482,https://motos-b60.kxcdn.com/sites/default/files/yamaha-xtz1200-supertenerer.jpg
483,https://motos-b60.kxcdn.com/sites/default/files/yamaha_mt_09_2016.jpg
484,https://motos-b60.kxcdn.com/sites/default/files/yamaha-neos.jpg
485,https://motos-b60.kxcdn.com/sites/default/files/yamaha-xmax-125.jpg
486,https://motos-b60.kxcdn.com/sites/default/files/yamaha-xvs-950.jpg
487,https://motos-b60.kxcdn.com/sites/default/files/yamaha_xjr_1300_2016.jpg
488,https://motos-b60.kxcdn.com/sites/default/files/yamaha_fjr_1300_2016.jpg
489,https://motos-b60.kxcdn.com/sites/default/files/yamaha-jog-r.jpg
490,https://motos-b60.kxcdn.com/sites/default/files/yamaha_aerox_r_2016.jpg
491,https://motos-b60.kxcdn.com/sites/default/files/yamaha-jog-rr.jpg
492,https://motos-b60.kxcdn.com/sites/default/files/yamaha_cygnus_x_2016.jpg
493,https://motos-b60.kxcdn.com/sites/default/files/yamaha-majesty-s.jpg
494,https://motos-b60.kxcdn.com/sites/default/files/yamaha_delight.jpg
495,https://motos-b60.kxcdn.com/sites/default/files/yamaha_mt_03.jpg
496,https://motos-b60.kxcdn.com/sites/default/files/yamaha_ec_03.jpg
497,https://motos-b60.kxcdn.com/sites/default/files/yamaha_mt_07_1.jpg
498,https://motos-b60.kxcdn.com/sites/default/files/yamaha_fazer_8_n_2016.jpg
499,https://motos-b60.kxcdn.com/sites/default/files/yamaha-tracer-700.jpg
500,https://motos-b60.kxcdn.com/sites/default/files/yamaha-tracer-900.jpg
501,https://motos-b60.kxcdn.com/sites/default/files/kawasaki-z900-se_2022_.jpg
502,https://motos-b60.kxcdn.com/sites/default/files/kawasaki-ninja_h2_sx_2022_.jpg
503,https://motos-b60.kxcdn.com/sites/default/files/kawasaki_versys_650_2022-2.jpg
504,https://motos-b60.kxcdn.com/sites/default/files/kawasaki_versys-1000-s-2022.jpg
505,https://motos-b60.kxcdn.com/sites/default/files/kawasaki_h2r-2022.jpg
506,https://motos-b60.kxcdn.com/sites/default/files/kawasaki_z650rs_2022.jpg
507,https://motos-b60.kxcdn.com/sites/default/files/kawasaki_ninja-125_2022.jpg
508,https://motos-b60.kxcdn.com/sites/default/files/kawasaki_z125_2022.jpg
509,https://motos-b60.kxcdn.com/sites/default/files/kawasaki_z900rs_se_2022.jpg
510,https://motos-b60.kxcdn.com/sites/default/files/kawasaki_z900rs_2022_.jpg
511,https://motos-b60.kxcdn.com/sites/default/files/kawasaki_ninja_1000_sx_2022_.jpg
512,https://motos-b60.kxcdn.com/sites/default/files/kawasaki_z650_2022.jpg
513,https://motos-b60.kxcdn.com/sites/default/files/kawasaki_w800_2022_f.jpg
514,https://motos-b60.kxcdn.com/sites/default/files/kawasaki_vulcan_s_2022_.jpg
515,https://motos-b60.kxcdn.com/sites/default/files/kawasaki_z650-sport_2021.jpg
516,https://motos-b60.kxcdn.com/sites/default/files/kawasaki_ninja-650_tourer-2021.jpg
517,https://motos-b60.kxcdn.com/sites/default/files/kawasaki_ninja-650_2021.jpg
518,https://motos-b60.kxcdn.com/sites/default/files/kawasaki_z_h2_se.jpg
519,https://motos-b60.kxcdn.com/sites/default/files/kawasaki_ninja_zx-10rr_2021_.jpg
520,https://motos-b60.kxcdn.com/sites/default/files/kawasaki_ninja_zx-10r_2021_.jpg
521,https://motos-b60.kxcdn.com/sites/default/files/kawasaki_z900rs.jpg
522,https://motos-b60.kxcdn.com/sites/default/files/kawasaki-w800-2021.jpg
523,https://motos-b60.kxcdn.com/sites/default/files/kawasaki-z125-2021.jpg
524,https://motos-b60.kxcdn.com/sites/default/files/kawasaki-versys-1000-se-2021.jpg
525,https://motos-b60.kxcdn.com/sites/default/files/kawasaki-versys-1000-s-2021.jpg
526,https://motos-b60.kxcdn.com/sites/default/files/kawasaki_ninja_1000_sx_2021_.jpg
527,https://motos-b60.kxcdn.com/sites/default/files/kawasaki-vulcan-s-2021_.jpg
528,https://motos-b60.kxcdn.com/sites/default/files/kawasaki-z-900-2021-a2.jpg
529,https://motos-b60.kxcdn.com/sites/default/files/kawasaki-z-900-2021.jpg
530,https://motos-b60.kxcdn.com/sites/default/files/kawasaki_w800_2020.jpg
531,https://motos-b60.kxcdn.com/sites/default/files/kawasaki-z-h2-2020.jpg
532,https://motos-b60.kxcdn.com/sites/default/files/kawasaki-ninja-650-2020-4.jpg
533,https://motos-b60.kxcdn.com/sites/default/files/kawasaki-versys-1000-se-2019.jpg
534,https://motos-b60.kxcdn.com/sites/default/files/kawasaki-versys-1000-2019.jpg
535,https://motos-b60.kxcdn.com/sites/default/files/kawasaki-w800-street-2019.jpg
536,https://motos-b60.kxcdn.com/sites/default/files/kawasaki-w800-2019.jpg
537,https://motos-b60.kxcdn.com/sites/default/files/kawasaki-z400-2019.jpg
538,https://motos-b60.kxcdn.com/sites/default/files/kawasaki-ninja-h2-2019.jpg
539,https://motos-b60.kxcdn.com/sites/default/files/kawasaki-ninja-zx10r-2019.jpg
540,https://motos-b60.kxcdn.com/sites/default/files/kawasaki-z-125-2019.jpg
541,https://motos-b60.kxcdn.com/sites/default/files/kawasaki-ninja-125-2019.jpg
542,https://motos-b60.kxcdn.com/sites/default/files/kawasaki-ninja-zx6r-2019.jpg
543,https://motos-b60.kxcdn.com/sites/default/files/kawasaki-versys-650-2018.jpg
544,https://motos-b60.kxcdn.com/sites/default/files/kawasaki-z-900-rs-cafe.jpg
545,https://motos-b60.kxcdn.com/sites/default/files/kawasaki-z-900-rs-2018.jpg
546,https://motos-b60.kxcdn.com/sites/default/files/kawasaki-ninja-400-2018.jpg
547,https://motos-b60.kxcdn.com/sites/default/files/kawasaki-ninja-zx-10-rr-2017.jpg
548,https://motos-b60.kxcdn.com/sites/default/files/kawasaki-versys-x-300-2017-1.jpg
549,https://motos-b60.kxcdn.com/sites/default/files/kawasaki_z1000sx_2017.jpg
550,https://motos-b60.kxcdn.com/sites/default/files/kawasaki_z900_0.jpg
551,https://motos-b60.kxcdn.com/sites/default/files/kawasaki_z650_2017.jpg
552,https://motos-b60.kxcdn.com/sites/default/files/kawasaki_ninja_650_2.jpg
553,https://motos-b60.kxcdn.com/sites/default/files/kawasaki_z_300_2016.jpg
554,https://motos-b60.kxcdn.com/sites/default/files/kawasaki-zx6r-636.jpg
555,https://motos-b60.kxcdn.com/sites/default/files/kawasaki_zzr_1400_2016.jpg
556,https://motos-b60.kxcdn.com/sites/default/files/kawasaki_vn_1700_classic_2016.jpg
557,https://motos-b60.kxcdn.com/sites/default/files/kawasaki_vulcan_900_classic_2016.jpg
558,https://motos-b60.kxcdn.com/sites/default/files/kawasaki_vulcan_900_custom_2016.jpg
559,https://motos-b60.kxcdn.com/sites/default/files/kawasaki-vulcan-s-2016.jpg
560,https://motos-b60.kxcdn.com/sites/default/files/kawasaki_z_1000_sx_2016.jpg
561,https://motos-b60.kxcdn.com/sites/default/files/kawasaki_z_1000_2016.png
562,https://motos-b60.kxcdn.com/sites/default/files/kawasaki_z_800_2016.png
563,https://motos-b60.kxcdn.com/sites/default/files/kawasaki-zx6-r-2016.jpg
564,https://motos-b60.kxcdn.com/sites/default/files/kawasaki_klx_125_2016.jpg
565,https://motos-b60.kxcdn.com/sites/default/files/kawasaki_klx_250_2016.jpg
566,https://motos-b60.kxcdn.com/sites/default/files/kawasaki_ninja_h2_2016.png
567,https://motos-b60.kxcdn.com/sites/default/files/ninja2.png
568,https://motos-b60.kxcdn.com/sites/default/files/kawasaki-10.png
569,https://motos-b60.kxcdn.com/sites/default/files/kawsaki_versys_650_2016.png
570,https://motos-b60.kxcdn.com/sites/default/files/kawasaki-versys-1000-2016.png
571,https://motos-b60.kxcdn.com/sites/default/files/kawasaki_er_6n_2016.jpg
572,https://motos-b60.kxcdn.com/sites/default/files/kawasaki.jpg
573,https://motos-b60.kxcdn.com/sites/default/files/kawasaki2.png
574,https://motos-b60.kxcdn.com/sites/default/files/suzuki-katana-2022.jpg
575,https://motos-b60.kxcdn.com/sites/default/files/suzuki-gsx-s1000-gt-2022.jpg
576,https://motos-b60.kxcdn.com/sites/default/files/suzuki-dl650-xt-vstrom-2022.jpg
577,https://motos-b60.kxcdn.com/sites/default/files/suzuki-dl650-vstrom-2022.jpg
578,https://motos-b60.kxcdn.com/sites/default/files/suzuki-gsx-s950-a2-2021.jpg
579,https://motos-b60.kxcdn.com/sites/default/files/suzuki-gsx-s950-2021.jpg
580,https://motos-b60.kxcdn.com/sites/default/files/suzuki-burgman-400-2021.jpg
581,https://motos-b60.kxcdn.com/sites/default/files/suzuki-gsx-s1000_2021.jpg
582,https://motos-b60.kxcdn.com/sites/default/files/suzuki-sv-650-2021_3.jpg
583,https://motos-b60.kxcdn.com/sites/default/files/suzuki-gsx-1300-rr-hayabusa-2021.jpg
584,https://motos-b60.kxcdn.com/sites/default/files/suzuki-gsx-s-1000-2021.jpg
585,https://motos-b60.kxcdn.com/sites/default/files/suzuki.gsx-r1000-r-100-aniversario.jpg
586,https://motos-b60.kxcdn.com/sites/default/files/suzuki-vstrom-1150-a2-2021.jpg
587,https://motos-b60.kxcdn.com/sites/default/files/suzuki-vstrom-1150-xt-a2-2021.jpg
588,https://motos-b60.kxcdn.com/sites/default/files/suzuki-vstrom-1150-2021.jpg
589,https://motos-b60.kxcdn.com/sites/default/files/suzuki-vstrom-1150-xt-2021.jpg
590,https://motos-b60.kxcdn.com/sites/default/files/suzuki-dl650-vstrom-xt-2021.jpg
591,https://motos-b60.kxcdn.com/sites/default/files/suzuki-dl650-vstrom-2021.jpg
592,https://motos-b60.kxcdn.com/sites/default/files/suzuki-gsx-s-750-yoshimura.jpg
593,https://motos-b60.kxcdn.com/sites/default/files/suzuki-dl1050-vstrom-xt-2020.jpg
594,https://motos-b60.kxcdn.com/sites/default/files/suzuki-dl1050-vstrom-2020.jpg
595,https://motos-b60.kxcdn.com/sites/default/files/suzuki-katana-2019.jpg
596,https://motos-b60.kxcdn.com/sites/default/files/suzuki-address-2018.jpg
597,https://motos-b60.kxcdn.com/sites/default/files/suzuki-burgman-650-2017.jpg
598,https://motos-b60.kxcdn.com/sites/default/files/suzuki-sv650xa-2018.jpg
599,https://motos-b60.kxcdn.com/sites/default/files/suzuki-burgman-400-2017-2.jpg
600,https://motos-b60.kxcdn.com/sites/default/files/suzuki-v-strom-1000-3.jpg
601,https://motos-b60.kxcdn.com/sites/default/files/suzuki-v-strom-650-2017.jpg
602,https://motos-b60.kxcdn.com/sites/default/files/suzuki-v-strom-250-1.jpg
603,https://motos-b60.kxcdn.com/sites/default/files/suzuki-gsxr-1000-2017.jpg
604,https://motos-b60.kxcdn.com/sites/default/files/suzuki-gsxr-1000-2017-1.jpg
605,https://motos-b60.kxcdn.com/sites/default/files/suzuki-gsx-s750-2.jpg
606,https://motos-b60.kxcdn.com/sites/default/files/suzuki-gsx-r-250-1.jpg
607,https://motos-b60.kxcdn.com/sites/default/files/suzuki-gsx-s-125-2.jpg
608,https://motos-b60.kxcdn.com/sites/default/files/suzuki-gsx-r-125-2017.jpg
609,https://motos-b60.kxcdn.com/sites/default/files/suzuki_v_strom_1000_2016.jpg
610,https://motos-b60.kxcdn.com/sites/default/files/timthumb_int_14d2086b67b8a4821436c59775148b6d.timthumb.jpg
611,https://motos-b60.kxcdn.com/sites/default/files/suzuki_gsx_s1000_f_2016.jpg
612,https://motos-b60.kxcdn.com/sites/default/files/timthumb_int_14d2086b67b8a4821436c59775148b6d.timthumb.jpg
613,https://motos-b60.kxcdn.com/sites/default/files/suzuki_hayabusa_1300_2016.png
614,https://motos-b60.kxcdn.com/sites/default/files/suzuki_intruder_c1500_t_2016.png
615,https://motos-b60.kxcdn.com/sites/default/files/suzuki-vstrom-650-abs-2016.jpg
616,https://motos-b60.kxcdn.com/sites/default/files/suzuki_intruder_c800_b_2016.jpg
617,https://motos-b60.kxcdn.com/sites/default/files/timthumb_int_594f086be3ed27ca8031ab48c7154c38.timthumb.jpg
618,https://motos-b60.kxcdn.com/sites/default/files/suzuki_intruder_m1800_r_2016.jpg
619,https://motos-b60.kxcdn.com/sites/default/files/200.jpg
620,https://motos-b60.kxcdn.com/sites/default/files/suzuki_intruder_m800_2016.jpg
621,https://motos-b60.kxcdn.com/sites/default/files/suzuki_sv_650_2016.jpg
622,https://motos-b60.kxcdn.com/sites/default/files/suzuki_gladius_650_2016.jpg
623,https://motos-b60.kxcdn.com/sites/default/files/suzuki_gsx_s1000_2016.jpg
624,https://motos-b60.kxcdn.com/sites/default/files/suzuki_gsr_750_z_2016.jpg
625,https://motos-b60.kxcdn.com/sites/default/files/suzuki_adress_2016.png
626,https://motos-b60.kxcdn.com/sites/default/files/suzuki_inazuma_2016.jpg
627,https://motos-b60.kxcdn.com/sites/default/files/suzuki_bandit_1250_s_2016.jpg
628,https://motos-b60.kxcdn.com/sites/default/files/suzuki_gsx_650_f_2016.jpg
629,https://motos-b60.kxcdn.com/sites/default/files/suzuki_burgman_125_2016.jpg
630,https://motos-b60.kxcdn.com/sites/default/files/suzuki_gsx_1250_fa_2016.jpg
631,https://motos-b60.kxcdn.com/sites/default/files/suzuki_burgman_200_2016.jpg
632,https://motos-b60.kxcdn.com/sites/default/files/suzuki_gsx_r1000_2016.jpg
633,https://motos-b60.kxcdn.com/sites/default/files/suzuki_burgman_400_2016.jpg
634,https://motos-b60.kxcdn.com/sites/default/files/suzuki_gsx_r600_2016.jpg
635,https://motos-b60.kxcdn.com/sites/default/files/suzuki_burgman_650_executive_2016.png
636,https://motos-b60.kxcdn.com/sites/default/files/suzuki_gsx_r750_2016.jpg
637,https://motos-b60.kxcdn.com/sites/default/files/ktm-1290-super-adventure-r_2023.jpg
638,https://motos-b60.kxcdn.com/sites/default/files/ktm-1290-super-adventure_2023.jpg
639,https://motos-b60.kxcdn.com/sites/default/files/ktm-890-adventure-r_2023.jpg
640,https://motos-b60.kxcdn.com/sites/default/files/ktm-790-adventure_2023.jpg
641,https://motos-b60.kxcdn.com/sites/default/files/ktm-890-adventure_2023.jpg
642,https://motos-b60.kxcdn.com/sites/default/files/ktm-790-duke-2022.jpg
643,https://motos-b60.kxcdn.com/sites/default/files/ktm-890-duke-r-2022.jpg
644,https://motos-b60.kxcdn.com/sites/default/files/ktm-1290-super-duke-gt-2022.jpg
645,https://motos-b60.kxcdn.com/sites/default/files/ktm-390-adventure-2022.jpg
646,https://motos-b60.kxcdn.com/sites/default/files/ktm-1290-super-duke-r-evo-2022.jpg
647,https://motos-b60.kxcdn.com/sites/default/files/ktm-1290-super-duke-r-2022.jpg
648,https://motos-b60.kxcdn.com/sites/default/files/ktm_rc-125_2022.jpg
649,https://motos-b60.kxcdn.com/sites/default/files/ktm_rc-390_2022.jpg
650,https://motos-b60.kxcdn.com/sites/default/files/ktm-1290-super-duke-rr_2021.jpg
651,https://motos-b60.kxcdn.com/sites/default/files/ktm-1290-super-adventure-s_2021.jpg
652,https://motos-b60.kxcdn.com/sites/default/files/ktm-1290-super-adventure-r_2021.jpg
653,https://motos-b60.kxcdn.com/sites/default/files/ktm-890-duke-2021.jpg
654,https://motos-b60.kxcdn.com/sites/default/files/ktm-390-duke-2021.jpg
655,https://motos-b60.kxcdn.com/sites/default/files/ktm-125-duke-2021.jpg
656,https://motos-b60.kxcdn.com/sites/default/files/ktm-890-adventure-r-rallye-2021.jpg
657,https://motos-b60.kxcdn.com/sites/default/files/ktm-890-adventure-r-2021.jpg
658,https://motos-b60.kxcdn.com/sites/default/files/ktm-890-adventure-2021.jpg
659,https://motos-b60.kxcdn.com/sites/default/files/ktm-890-duke-r-2020.jpg
660,https://motos-b60.kxcdn.com/sites/default/files/ktm-1290-super-duke-r-2020.jpg
661,https://motos-b60.kxcdn.com/sites/default/files/ktm-390-adventure-2020.jpg
662,https://motos-b60.kxcdn.com/sites/default/files/ktm-250-exc-f-2020-six-days.jpg
663,https://motos-b60.kxcdn.com/sites/default/files/ktm-250-exc-f-2020.jpg
664,https://motos-b60.kxcdn.com/sites/default/files/ktm-350-exc-f-2020-six-days.jpg
665,https://motos-b60.kxcdn.com/sites/default/files/ktm-350-exc-f-2020.jpg
666,https://motos-b60.kxcdn.com/sites/default/files/ktm-450-exc-f-2020-six-days.jpg
667,https://motos-b60.kxcdn.com/sites/default/files/ktm-450-exc-f-2020.jpg
668,https://motos-b60.kxcdn.com/sites/default/files/ktm-500-exc-f-2020-six-days.jpg
669,https://motos-b60.kxcdn.com/sites/default/files/ktm-500-exc-f-2020.jpg
670,https://motos-b60.kxcdn.com/sites/default/files/ktm_150-xc-w-tpi-2020.jpg
671,https://motos-b60.kxcdn.com/sites/default/files/ktm_250-xc-w-tpi-2020-six-days.jpg
672,https://motos-b60.kxcdn.com/sites/default/files/ktm_250-xc-w-tpi-2020.jpg
673,https://motos-b60.kxcdn.com/sites/default/files/ktm_300-xc-w-tpi-2020-six-days.jpg
674,https://motos-b60.kxcdn.com/sites/default/files/ktm_300-xc-w-tpi-2020-erzbergrodeo.jpg
675,https://motos-b60.kxcdn.com/sites/default/files/ktm_300-xc-w-tpi-2020.jpg
676,https://motos-b60.kxcdn.com/sites/default/files/ktm-690-enduro-r_2019.jpg
677,https://motos-b60.kxcdn.com/sites/default/files/ktm-690-smc-2019.jpg
678,https://motos-b60.kxcdn.com/sites/default/files/ktm-1090-adventure-r-2019.jpg
679,https://motos-b60.kxcdn.com/sites/default/files/ktm-1090-adventure.jpg
680,https://motos-b60.kxcdn.com/sites/default/files/ktm-1290-super-adventure-r.jpg
681,https://motos-b60.kxcdn.com/sites/default/files/ktm-1290-super-adventure-s.jpg
682,https://motos-b60.kxcdn.com/sites/default/files/ktm-790-adventure-r-2019.jpg
683,https://motos-b60.kxcdn.com/sites/default/files/ktm-790-adventure-2019.jpg
684,https://motos-b60.kxcdn.com/sites/default/files/ktm-1290-superduke-gt-2019.jpg
685,https://motos-b60.kxcdn.com/sites/default/files/ktm-1290-super-duke-r-2019.jpg
686,https://motos-b60.kxcdn.com/sites/default/files/ktm-125-xc-w-2019.jpg
687,https://motos-b60.kxcdn.com/sites/default/files/ktm-125-xc-w-2019.jpg
688,https://motos-b60.kxcdn.com/sites/default/files/ktm-300-exc-tpi-2019.jpg
689,https://motos-b60.kxcdn.com/sites/default/files/ktm-300-exc-tpi-2019.jpg
690,https://motos-b60.kxcdn.com/sites/default/files/ktm-500-exc-f-2019.jpg
691,https://motos-b60.kxcdn.com/sites/default/files/ktm-500-exc-f-2019.jpg
692,https://motos-b60.kxcdn.com/sites/default/files/ktm-500-exc-f-2019.jpg
693,https://motos-b60.kxcdn.com/sites/default/files/ktm-500-exc-f-2019.jpg
694,https://motos-b60.kxcdn.com/sites/default/files/ktm-freeride-250-f.jpg
695,https://motos-b60.kxcdn.com/sites/default/files/ktm-freeride-e-xc-2018.jpg
696,https://motos-b60.kxcdn.com/sites/default/files/ktm-790-duke-2018-5.jpg
697,https://motos-b60.kxcdn.com/sites/default/files/ktm-1290-super-duke-r-2017_1.jpg
698,https://motos-b60.kxcdn.com/sites/default/files/ktm_390_duke_3_0.jpg
699,https://motos-b60.kxcdn.com/sites/default/files/ktm-duke-125-2017-2.jpg
700,https://motos-b60.kxcdn.com/sites/default/files/ktm-1290-s-2017-2.jpg
701,https://motos-b60.kxcdn.com/sites/default/files/ktm-1290-r-2017-2.jpg
702,https://motos-b60.kxcdn.com/sites/default/files/ktm-1090-adventure-r.jpg
703,https://motos-b60.kxcdn.com/sites/default/files/ktm-superduke-special-edition.jpg
704,https://motos-b60.kxcdn.com/sites/default/files/ktm-freeride-e-sm-2016.jpg
705,https://motos-b60.kxcdn.com/sites/default/files/duke_gt.jpg
706,https://motos-b60.kxcdn.com/sites/default/files/ktm-1290-superduke-r.jpg
707,https://motos-b60.kxcdn.com/sites/default/files/ktm-690-smc.jpg
708,https://motos-b60.kxcdn.com/sites/default/files/ktm-390-duke.jpg
709,https://motos-b60.kxcdn.com/sites/default/files/ktm-1050-adventure.jpg
710,https://motos-b60.kxcdn.com/sites/default/files/KTM-690-duke.jpg
711,https://motos-b60.kxcdn.com/sites/default/files/ktm-1190-adventure.jpg
712,https://motos-b60.kxcdn.com/sites/default/files/ktm-690-duke-r.jpg
713,https://motos-b60.kxcdn.com/sites/default/files/KTM-1190-adveture-r-b.jpg
714,https://motos-b60.kxcdn.com/sites/default/files/timthumb_int_e137e728d58db641635454dd5fecceb5.timthumb.jpg
715,https://motos-b60.kxcdn.com/sites/default/files/ktm-duke-125.jpg
716,https://motos-b60.kxcdn.com/sites/default/files/ktm-rc-390-2016.jpg
717,https://motos-b60.kxcdn.com/sites/default/files/ktm-super-adventure.jpg
